title,content
어떤 로그인 정보를 사용하여 인터넷의 My BMW 포털에 로그인할 수 있습니까?,"고객님의 BMW ID의 로그인 정보(이메일 주소, 비밀번호)를 사용하여 인터넷의 My BMW 포털에 로그인할 수 있습니다. 해당 국가의 BMW 웹사이트에서 내비게이션 바의 프로필 아이콘을 클릭하고 고객님의 BMW ID의 로그인 데이터로 로그인하십시오. 새 BMW ID를 만들려면 로그인 페이지에서 지금 등록을 선택하십시오. 이미 BMW ID가 있는지 확실하게 알 수 없으면 비밀번호를 잊으셨습니까?를 선택하십시오."
My BMW 앱을 이용하여 내 BMW를 어떻게 냉/난방합니까?,"출고 국가, 모델 및 사양에 따라 My BMW 앱의 원격제어 서비스를 사용하여 즉시 또는 출발 시간에 맞춰 BMW를 환기하거나 BMW의 냉/난방을 설정할 수 있습니다. BMW의 냉/난방을 즉시 설정하려면 자동차 탭에서 팬 아이콘을 누른 다음 시작을 누르십시오. 출발 시간에 맞춰 환기 또는 냉/난방을 시작하려면 환기 계획(원격제어 서비스 허브)을 선택하고 출발 시간을 설정한 후 자동차로 전송하십시오. BMW 전기 자동차 또는 플러그인 하이브리드 전기 자동차의 경우 충전 및 냉/난방 타이머(E-모빌리티 허브)를 선택하여 출발 시간에 맞춰 냉/난방을 활성화하십시오. 주의 사항: 난방을 위해 BMW는 원격시동(SA 1CR) 선택사양 또는 독립 히터(SA 536 또는 SA 4NB)가 필요합니다."
여러 사용자가 동일한 차량을 My BMW 앱 또는 My BMW 포털에 추가할 수 있습니까?,Operating System 7 이하를 탑재한 BMW 차량은 My BMW 앱 또는 My BMW 포털의 BMW ID에만 연결할 수 있습니다. Operating System 8(2022년 7월 이후 소프트웨어 버전)을 탑재한 BMW 자동차는 기본 사용자 및 최대 6명의 공동 사용자의 BMW ID에 연결할 수 있습니다. 자동차를 자신의 BMW ID에 가장 먼저 추가하는 사람이 기본 사용자입니다. 주의 사항: 공동 사용자는 제한된 권한을 가지므로 My BMW 앱의 일부 기능만 사용할 수 있습니다. 공동 사용자는 My BMW 포털에서 자동차를 볼 수 없습니다.
My BMW 앱 또는 My BMW 포탈에 내 BMW의 서비스 이력이 표시됩니까?,아니오. BMW 차량의 서비스 이력은 BMW iDrive 운영 체제에서만 볼 수 있습니다. BMW 서비스 센터는 서비스 후 BMW 차량에 서비스 이력을 저장해야 한다는 점에 유의하십시오.
BMW에서 기울기 경보와 실내 보호 장치를 끌 수 있습니까?,예 BMW의 기울기 경보 및 실내 보호 장치를 비활성화하려면 차량을 잠근 후 10초 이내에 차량 키의 잠금 버튼을 다시 누르십시오. 이때 룸미러의 표시등이 2초 동안 켜집니다.
내 BMW가 고장메시지 비상 호출 시스템의 고장을 표시하면 어떻게 해야 합니까?,고객님의 BMW가 메시지 비상 호출 시스템의 고장을 표시하면 15분 이상 고객님의 차량을 잠그십시오. 메시지가 계속 표시되면 BMW 서비스 센터에 신속히 문의하십시오.
내 BMW 차량에서 내비게이션 지도의 자동 업데이트는 시간이 얼마나 소요됩니까?,BMW 차량의 사양에 따라 내비게이션 지도가 정기적으로 자동 업데이트됩니다. 자동 지도 업데이트는 BMW에 통합된 SIM 카드를 통해 이루어집니다. 업데이트에 걸리는 시간은 데이터전송률과 내비게이션 지도의 크기에 따라 다릅니다. 지역에 따라 내비게이션 지도의 크기가 수백 메가바이트에 달할 수 있습니다. 따라서 BMW 차량에서 내비게이션 지도가 업데이트되는 데 몇 시간이 걸릴 수 있습니다. 업데이트 중에 내비게이션 시스템을 제한 없이 이용할 수 있으며 BMW 차량에서 하차할 수도 있습니다. BMW 차량이 잠기면 업데이트가 중단되고 다음 주행 시에 자동으로 계속 진행됩니다.
내 BMW iX(2025년 3월 이후)의 BMW 디지털 키의 Service Card를 어떻게 활성화합니까?,"귀하의 BMW iX(2025년 3월 이후)의 출고 범위에 포함되어 BMW 디지털 키에 추가로 서비스 카드 한 개를 받게 됩니다. 예를 들어 차량을 담당 BMW 서비스 센터, BMW 긴급출동 서비스 또는 발레파킹(Valet Parking Service)에 인계할 때 서비스 카드를 사용할 수 있습니다. BMW 디지털 키의 서비스 카드는 차량 인도 시 이미 차량과 연결되어 있지만 비활성화되어 있습니다. 활성화하려면 BMW 디지털 키가 들어있는 스마트폰 또는 실물 키가 탑승자 공간에 있어야 합니다. 서비스 카드를 활성화하려면 서비스 카드를 BMW의 스마트폰 트레이에 놓고 컨트롤 디스플레이의 안내를 따르면 됩니다. 또는 BMW iDrive에서 차량 앱 디지털 키 서비스 카드 서비스 카드 활성화를 선택하십시오. 비활성화는 동일한 메뉴 또는 BMW 디지털 키나 실물 키로 BMW의 잠금을 해제한 뒤 컨트롤 디스플레이에서 이루어집니다. 주의 사항: 필요 시에만 서비스 카드를 활성화한 뒤 이를 다시 비활성화하십시오. 비활성화된 서비스 카드는 안전하게 차량에 보관할 수 있습니다. 활성화된 서비스 카드는 차량의 잠금을 해제하고 차량을 시동합니다. 따라서 보안을 위해 차량 외부의 안전한 장소에 보관해야 합니다."
BMW의 디스플레이 키를 충전하는 방법은 무엇입니까?,BMW 디스플레이 키는 잠금 버튼을 위로 올린 상태로 무선 충전용 트레이의 돌출부에 키를 놓아 충전할 수 있습니다. 키의 길이방향 측면에 있는 마이크로 USB 포트를 통해 디스플레이 키를 충전할 수도 있습니다. 주의 사항: 무선 충전 트레이에서는 스마트폰도 충전할 수 있습니다. 무선 충전용 트레이에는 항상 충전할 기기가 한 번에 한 개만 놓여있어야 합니다.
내 BMW의 내비게이션 시스템에서 저장된 모든 목적지를 어떻게 삭제합니까?,BMW 오퍼레이팅 시스템 7이 탑재된 BMW의 내비게이션 시스템에서 저장된 모든 내비게이션 목적지를 삭제하려면 다음과 같이 선택하십시오. 내비게이션 내 목적지로 이동한 다음 한 항목을 선택하십시오. iDrive 컨트롤러 오른쪽 하단의 옵션 버튼을 누르고 전체 목록 삭제를 확인하십시오.
BMW 차량 키를 분실한 경우 어떻게 새 차량 키를 받을 수 있습니까?,"BMW 차량 키를 분실한 경우 BMW 공식 서비스 센터에 새 키를 주문해야 합니다. 주문 시 신분증과 BMW 자동차 등록증을 준비하십시오. 새 차량 키를 직접 수령할 수 없는 경우 위임장(원본, 1개월 이내 작성)이 있어야 하며 이를 신분증 사본과 함께 제시해야 합니다."
내 스마트폰의 자기유도식 충전은 내 BMW의 무선 충전용 트레이에서 어떻게 작동합니까?,자기유도식 충전을 지원하는 스마트폰의 경우 BMW의 무선 충전용 트레이에 스마트폰을 놓으면 자동으로 충전됩니다. 무선 충전용 트레이 내부에는 교류가 흐르는 전기 코일이 있습니다. 이를 통해서 자기장이 만들어집니다. 코일은 스마트폰에도 있습니다. 이 코일이 자기 필드에 있을 때는 이 코일을 통해서도 전류가 흐릅니다. 교류가 직류로 변환되어 배터리로 흐르게 됩니다. 배터리가 충전됩니다. 주의 사항: 두꺼운 스마트폰 커버나 금속 케이스는 충전 과정을 방해합니다. BMW 사용법 비디오: https://youtu.be/PXkgirtE-Ng
내 BMW에 있는 어댑티브 LED 헤드라이트의 장점은 무엇입니까?,"특히 도시에서는 보행자나 자전거 이용자가 있는 도로 가장자리를 주시해야 합니다. 물론 BMW는 이를 감지합니다. 이에 알맞게 어댑티브 LED 헤드라이트(SA 552)는 자동으로 측면 영역을 보다 강력하게 비춥니다. 반면에 고속도로에서 시선은 주로 전방을 향합니다. 따라서 전조등은 조사거리를 자동으로 조정하고, 라이트 빔의 폭은 보다 좁아지며 길이는 보다 늘어납니다. 조명의 가변 조정 분배에 대한 추가 기능: 악천후등, 로터리 및 국도 전용 라이트. BMW에 있는 어댑티브 LED 헤드라이트에는 감광 및 상향등 기능, 주간 주행전조등 및 방향지시등이 있는 액센트 라이트가 포함되어 있습니다. 여기에는 추가로 가변 조정 분배 장치 및 코너링 라이트와 BMW 셀렉티브 빔(상향 전조등 지원 기능)을 포함한 어댑티브 코너링 라이트가 장착되어 있습니다. 셀렉티브 빔은 마주 오는 자동차와 선행 자동차를 감지하여 해당 자동차가 상향등으로 인한 눈부심을 피할 수 있도록 자동으로 조도를 낮춥니다. 이와 달리 기존의 기본 사양 LED 전조등은 다음과 같이 단 두 가지의 상황만을 고려합니다. 하향등/주행전조등 및 상향등."
My BMW 앱에서 내 BMW의 사용자를 어떻게 관리합니까?,Operating System 8을 탑재한 BMW 자동차의 경우 1명의 주 사용자와 최대 6명의 다른 공동 사용자가 자신의 BMW ID로 로그인할 수 있습니다. My BMW 앱에 해당 자동차를 처음으로 추가한 BMW ID가 주 사용자입니다. 다른 모든 BMW ID는 자동차의 공동 사용자이며 권한이 제한됩니다. 주 사용자는 My BMW 앱에서 저장된 모든 사용자를 볼 수 있으며 이를 관리하거나 삭제할 수 있습니다. 공동 사용자는 본인의 BMW ID에서 해당 자동차를 제거할 수 있습니다. 사용자를 관리하려면 다음 순서로 선택하십시오. 자동차(탭) 사용자 관리(정보 허브 내). 주의 사항: 2022년 7월 이후 소프트웨어 버전에서는 자동차에 저장된 모든 사용자의 My BMW 앱에 해당 자동차가 자동으로 추가됩니다. 저장된 모든 BMW ID에 대한 개요는 자동차에서도 다음과 같이 확인할 수 있습니다. BMW ID(우측 상단 프로필 아이콘) BMW ID 변경. 기본 사용자는 기본 사용자 열에 아이콘으로 표시되며 모든 BMW ID를 관리합니다( BMW ID 관리).
내 BMW에 대해 BMW 원격제어 서비스를 활성화하는 방법은 무엇입니까?,인터넷의 My BMW 포털 또는 My BMW 앱에서 고객님의 BMW에 대한 원격제어 서비스를 활성화할 수 있습니다. My BMW 앱에서 차량 상태 아래의 주의 사항에 있는 활성화를 선택하십시오. 해당 국가의 BMW 웹사이트에서 고객님의 BMW ID로 로그인하고 내비게이션 바의 프로필 아이콘을 클릭한 뒤 차량 개요에서 고객님의 차량을 선택하고 다음과 같은 순서로 선택하십시오. 설정 원격제어 서비스. 슬라이더를 이용하여 BMW 차량에 대해 원격제어 서비스를 활성화하거나 비활성화할 수 있습니다. 주의 사항: 고객님의 BMW의 원격제어 서비스의 비활성화는 My BMW 포털에서만 진행할 수 있습니다. 활성화 또는 비활성화에는 몇 분이 소요됩니다. 고객님의 스마트폰 BMW의 SIM 카드는 무선 네트워크에 연결되어 있어야 합니다.
My BMW 앱에서 리모트 3D 뷰를 사용할 수 있습니까?,"My BMW 앱에서 리모트 3D 뷰를 사용하려면 BMW Live Cockpit 또는 내비게이션 시스템 프로페셔널이 탑재된 BMW에 공장 출고 시 선택사양으로 서라운드 뷰(SA 5DL) 또는 파킹 어시스턴트 플러스(SA 5DN) 및 커넥티드 패키지 프로페셔널(SA 6C3, SA 6C4)이 있어야 합니다. 리모트 3D 뷰 기능은 자동차의 데이터 보호 메뉴에서 활성화할 수 있어야 합니다. 자동차는 BMW ID로 My BMW 앱에 연결된 상태여야 하며 원격 서비스가 활성 상태여야 합니다. 일부 국가에서는 법적 제한으로 인해 리모트 3D 뷰를 사용할 수 없습니다."
내 BMW에서 USB 단자 또는 스냅인 어댑터를 통해 Apple CarPlay를 사용할 수 있습니까?,"아니오, 귀하의 BMW에서 Apple CarPlay는 USB 단자 또는 스냅인 어댑터를 통해 사용할 수 없습니다. 선택사양 스마트폰 통합(SA 6CP)과 함께 귀하 BMW의 헤드 유닛에는 추가적인 Wi-Fi 안테나가 장착됩니다. 블루투스를 통한 최초의 연결구성 후 귀하의 BMW는 Apple CarPlay 사용을 위해 WLAN을 통해 iPhone과 연결됩니다."
내 BMW 차량에서 내비게이션 지도의 자동 업데이트 지역을 변경하는 방법은 무엇입니까?,"BMW ID로 My BMW 포탈에 로그인하십시오. 로그인한 후 내비게이션 바의 프로필 아이콘을 클릭하고 차량 개요에서 본인의 차량을 선택하십시오. 사전 설정된 BMW 차량의 자동 지도 업데이트 지역을 변경하려면 다음 순서로 선택하십시오. 지도 업데이트 자동 지도 업데이트 - 거주 지역 수정 순으로 선택한 다음, 지역을 선택하고 저장을 눌러 선택을 확인하십시오. 주의 사항: BMW에서는 지역 변경 후 수동 지도 업데이트를 통해 전체 지도 자료를 업데이트할 것을 권장합니다."
My BMW 앱을 통해 내 BMW의 리모트 컨트롤 파킹을 실행할 수 있는 기기는 무엇이며 국가는 어디입니까?,"고객님의 BMW와 스마트폰의 출고 국가, 모델, 사양에 따라 My BMW 앱을 통해 귀하의 BMW를 주차할 수 있습니다. 현재 이 기능은 제조업체 Apple, Google 및 삼성의 호환되는 기기에서 다음과 같은 국가에서 지원됩니다. 아제르바이잔, 호주, 바레인, 벨기에, 브라질, 불가리아, 칠레, 중국(Apple만 해당), 코스타리카, 독일, 덴마크, 에스토니아, 핀란드, 프랑스, 프랑스령 기아나, 그리스, 과들루프, 인도, 아일랜드, 아이슬란드, 이탈리아, 일본, 요르단, 카자흐스탄, 크로아티아, 캐나다, 콜롬비아, 리투아니아, 룩셈부르크, 라트비아, 몰타, 모로코, 마르티니크, 모리셔스, 마카오, 마케도니아, 멕시코, 말레이시아, 네덜란드, 노르웨이, 뉴질랜드, 오만, 오스트리아, 파나마, 페루, 필리핀, 폴란드, 포르투갈, 파라과이, 카타르, 레위니옹, 루마니아, 세르비아, 사우디아라비아, 스웨덴, 스위스, 싱가포르, 슬로베니아, 슬로바키아, 스페인, 생마르탱, 대한민국, 대만, 태국, 체코, 헝가리, 영국, 아랍에미리트, 미국, 사이프러스. 호환되는 Apple 기기: Apple iPhone 14 / 14 Plus / 14 Pro / 14 Pro Max / 13 / 13 Pro / 13 Pro Max / 13 mini / 12 / 12 Pro / 12 Pro Max / 12 mini / 11 / 11 Pro / 11 Pro Max, iOS 16.2 이상 버전 탑재. 호환되는 Google 기기: 안드로이드 14 이상의 버전을 탑재한 Google Pixel 6 Pro / 7 Pro / 8 Pro. 호환되는 삼성 기기: 안드로이드 14 이상의 버전을 탑재한 삼성 갤럭시 S24 / S24 Ultra / S23 / S23 Ultra / S22 / S22 Ultra / S21 / S21 Ultra. 고객님의 BMW에는 Operating System 8 이상 소프트웨어 및 파킹 어시스턴트 프로페셔널(SA 5DW) 옵션이 장착되어 있어야 합니다. 차량에 원격제어 서비스와 BMW Digital Key Plus가 활성화되어 있어야 합니다. My BMW 앱을 하여 리모트 컨트롤 파킹을 실행하려면 고객님은 차량에서 반경 6m 이내에 있어야 하며, 스마트폰에서 블루투스가 활성화되어 있어야 합니다. 고객님의 BMW의 리모트 컨트롤 파킹 사용 및 설정에 관한 주의 사항은 My BMW 앱에서 확인할 수 있습니다."
내 BMW의 타이어 교환 시 어떤 점에 주의해야 합니까?,전륜 구동 또는 후륜 구동의 BMW에서 타이어를 낱개로 교환하는 경우 동일한 액슬에서 새 타이어와 다른 타이어 간 트레드 깊이의 편차가 2mm를 초과하지 않도록 주의해야 합니다. 동일한 액슬에 있는 두 타이어 간 트레드 웨어 깊이의 편차가 이보다 클 경우 두 타이어를 모두 교체해야 합니다. BMW xDrive를 탑재한 자동차의 경우 트랜스퍼 케이스의 손상을 방지하기 위해 타이어 네 개를 모두 동시에 교체해야 합니다.
My BMW 앱에서 차량을 어떻게 삭제합니까?,My BMW 앱에서 BMW ID의 자동차를 제거하려면 다음을 선택하십시오. 자동차(탭) 차고(우측 상단 자동차 아이콘). 이어서 왼쪽으로 스크롤하여 제거를 선택하면 해당 자동차는 제거됩니다. 귀하의 BMW ID에 대한 확인을 이메일 주소로 받게 됩니다. 주의 사항: Operating System 8(2022년 7월 버전 또는 더 최신)을 탑재한 BMW의 경우 BMW ID는 자동차에서도 삭제됩니다.
Apple CarPlay는 연결된 내 iPhone을 위해 어떤 데이터 연결을 사용합니까?,선택사양 스마트폰 통합(SA 6CP)과 함께 귀하 BMW의 헤드 유닛에는 추가적인 WLAN 안테나가 장착됩니다. 블루투스를 통한 최초의 연결구성 후 귀하의 BMW는 Apple CarPlay 사용을 위해 WLAN을 통해 iPhone과 연결됩니다. 블루투스를 통한 연결이 종료됩니다. 주의 사항: 귀하의 BMW에서 Apple CarPlay를 사용하려면 Apple iPhone에서 WLAN과 블루투스가 활성화되어 있어야 합니다.
내 BMW 전기 자동차 또는 플러그인 하이브리드 전기 자동차의 충전 소켓 플랩이 열려 있는 경우 고압 충전 단자에서 충전 플러그 잠금을 어떻게 해제합니까?,"보안상의 이유로 그리고 도난을 방지하기 위해 BMW 전기 자동차 또는 플러그인 하이브리드 전기 자동차는 충전 절차가 시작될 때 고압 충전 단자의 충전 플러그를 잠급니다. 차량의 잠금을 해제하면 충전 플러그의 잠금이 해제됩니다. Operating System 8 이상을 탑재한 BMW에서 차량이 잠긴 경우, 그 대안으로 My BMW 앱에서 충전 플러그의 잠금을 해제할 수 있습니다. 상태 표시줄에서 현재 충전 절차를 누르고 충전 플러그 잠금 해제를 선택하십시오. 충전 플러그의 비상 잠금해제 장치에 대한 자세한 내용은 BMW Drivers Guide 앱이나 해당 BMW 차량의 취급설명서를 참조하십시오."
BMW X1 (2022년 11월) 완전 변경 모델에서 기어는 어떻게 조작합니까?,"BMW X1 (2022년 11월) 완전 변경 모델은 스텝트로닉 변속기 조작을 위한 새로운 기어 선택 시스템을 제공합니다. 변속모드를 전환하려면 센터 콘솔에 있는 토글 스위치 형태의 기어 선택 스위치를 P(주차), N(중립), R(후진) 또는 D(전진) 등 원하는 위치에 맞게 위 또는 아래로 조작히십시오. BMW X1의 구동 버전에 따라 추가로 대안 변속모드 S(Sport), L(Low) 또는 B(Brake)를 선택할 수 있습니다. 변속모드 S에서는 상향변속이 늦게 진행됩니다. 기어 변속이 더 빠르게 진행되고 스포티한 주행 스타일을 지원합니다. 스포츠 프로그램 및 시프트 패들이 미장착된 BMW 모델에서 스텝트로닉 변속기는 대안 변속모드 L을 제공합니다. Low 프로그램은 D에서 보다 낮은 기어를 사용하며, 이는 가속 페달을 놓을 때 엔진을 통해 감속 효과를 높입니다. 따라서 L에서 주행할 경우에는 브레이크 페달을 더 적게 사용해야 하며, 이는 도심 운행 시 또는 긴 산비탈에서 주행 시 편안하고 효율적인 주행 경험을 선사합니다. 전동화 모델인 BMW iX1 모델에서 변속모드 B는 가속 페달을 놓을 때 지속적으로 높은 회생 제동 단계를 활성화합니다. 이는 전기모터를 통해 감속 효과를 높이며 원 페달 드라이빙을 주행 경험을 가능하게합니다."
내 BMW에 있는 ECO PRO 모드의 장점은 무엇입니까?,BMW의 ECO PRO 모드는 연료 소비 및 배출량을 감소시키는 주행방식을 지원합니다. 이를 위해 에어컨 성능 등의 편의 기능과 엔진 제어를 조정합니다. 또한 연료 소비율을 감소시키는 주행방식에 대한 상황별 주의 사항(ECO PRO 팁)을 확인할 수 있습니다. 이를 통해 늘어난 주행 가능 거리가 계기판에 ECO PRO 보너스 주행가능거리로 표시됩니다. ECO PRO 모드는 BMW 이피션트다이내믹스의 혁신적인 기술입니다.
BMW ConnectedDrive 스토어에서의 내 예약에 대한 개요를 어디에서 찾을 수 있습니까?,"모든 제품, 서비스 차량 주문과 예약에 대한 개요는 인터넷의 My BMW 포털에서 확인할 수 있습니다. 해당 국가의 BMW 웹사이트에 고객님의 BMW ID로 로그인한 후 내비게이션 바에서 프로필 아이콘을 클릭하고 다음을 선택하십시오. 내 주문. 제품과 디지털 서비스에 대해 각각 주문번호, 구입일자 상태가 표시됩니다. 주문 세부 사항에서 고객님의 주문에 대한 자세한 정보를 확인할 수 있습니다."
BMW 오퍼레이팅 시스템 8을 탑재한 내 BMW에서 현재 속도 제한 변경 시 경고를 비활성화하려면 어떻게 해야 합니까?,"BMW 오퍼레이팅 시스템 8이 탑재된 BMW에서 Speed Limit Info는 속도 제한 초과 시 시각 경고와 경우에 따라 음향 경고를 표시합니다. 현재 주행에 대해 BMW iDrive에서 이것을 비활성화하려면 BMW Intelligent Personal Assistant를 사용하십시오(예: BMW! 속도 제한 경고 비활성화해줘!). 스트어링 휠의 SET 버튼을 길게 눌러도 이것이 직접 비활성화됩니다. 또는 센터 콘솔에서 운전자 어시스턴트 버튼을 눌러 운전자 어시스턴트 메뉴로 이동하고, 해당 위치에서 주행 Speed Limit Assist 초과 시 경고를 선택하여 경고를 비활성화할 수 있습니다. 설정(예: 속도 제한 시 경고)을 단축키로 저장할 수도 있습니다. 하지만 법적 규정으로 인해 다음 주행 시 시각 및 청각 경고가 다시 활성화됩니다."
LED 헤드라이트와 BMW 레이저 라이트의 차이점은 무엇입니까?,BMW에 있는 LED 헤드라이트의 가시거리는 넓습니다. 스포티한 외관과 인상적인 유형의 BMW 디자인 덕분에 주야간으로 쉽게 알아볼 수 있습니다. BMW 레이저 라이트의 가시거리는 최대 600m로 LED 헤드라이트보다 두 배 더 깁니다. 레이저에서 방출한 빛이 형광체에 의해 백색광으로 변환됩니다. 이때 형광체 표면은 이상적인 점광원에 매우 가까울 정도로 작습니다. 이 덕분에 빛의 초점을 정확하게 맞추어 라이트 출력을 매우 높일 수 있습니다.
BMW 안에 갇혔습니다. 어떻게 해야 하나요?,BMW 안에 갇힌 경우 먼저 모든 도어가 실제로 잠겨 있는지 확인하십시오. 키가 트렁크에 있는 경우 뒷좌석을 접어서 액세스할 수 있습니다. 차량이 완전히 잠겼으면 경우에 따라 My BMW 앱을 통해 잠금을 해제할 수 있습니다. 위와 같은 방법이 가능하지 않은 경우 예비 키를 사용하여 차량의 잠금을 해제할 수 있습니다. 예비 키가 없는 경우 BMW Service에 예비 키를 주문해야 합니다.
BMW에서 음성입력은 어떻게 작동합니까?,음성입력은 BMW에서 해당 아이콘이 있는 스티어링 휠의 오른쪽 버튼(마이크 버튼)을 눌러 수행합니다. BMW 커넥티드 드라이브에서는 음성 명령이 클라우드의 인공 지능에 의해 처리되고 BMW 인텔리전트 퍼스널 어시스턴트가 훨씬 더 효과적으로 작동합니다. 온라인 음성 처리 기능이 있는 지BMW 인텔리전트 퍼스널 어시스턴트는 자연어를 이해하므로 지정된 명령을 사용할 필요가 없습니다. 연결된 iPhone에서 Siri를 활성화하려면 스티어링 휠의 음성입력 버튼을 길게 누르십시오. BMW 오퍼레이팅 시스템 7부터는 호출어 안녕 BMW로도 음성입력을 활성화할 수 있습니다.
BMW 차량의 유지보수 주기는 어떻게 계산됩니까?,"BMW의 경우 정비는 정해진 간격으로 주기적으로 실행되지 않습니다. 대신 실제 차량 사용(냉시동 횟수, 운전 습관, 주행 유형: 도심 운행, 고속도로 등)을 기반으로 합니다. 상태 기반 서비스(CBS)를 통해 센서와 특수 알고리즘으로 BMW 차량의 상태를 감시합니다. 신차의 경우 첫 서비스 날짜는 이론에 따라 설정되며 차량 사용에 따라 조정됩니다. 정비가 필요한 경우에만 알림이 갑니다."
My BMW 앱을 이용해 다른 앱에서 목적지를 내 차량으로 전송할 수 있습니까?,예 Google 지도와 Apple 지도에서 목적지를 My BMW 앱의 지도로 적용해 BMW로 전송할 수 있습니다. 이때 Google 지도나 Apple 지도에서 공유 기능을 선택한 후 My BMW 앱 아이콘을 누릅니다. My BMW 앱이 목적지를 지도에 표시합니다. 거기에서 편하게 목적지를 귀하의 BMW 내비게이션 시스템으로 전송할 수 있습니다.
BMW의 전동식 선루프를 차량 내부에서 어떻게 조작합니까?,전동식 선루프는 BMW의 루프 라이너에 있는 선루프 버튼을 사용하여 조작할 수 있습니다. 선블라인드(글라스 루프 없음)를 열려면 저항이 느껴질 때까지 버튼을 뒤로 미십시오. 버튼을 놓으면 이 움직임이 멈춥니다. 선루프 버튼을 저항 이상으로 밀면 선블라인드가 완전히 열립니다. 위쪽으로 버튼을 누르면 이 움직임을 멈출 수 있습니다. 선블라인드가 완전히 열린 경우 이러한 버튼 동작은 글라스 루프에도 유사하게 적용됩니다. 선루프 버튼을 빠르게 앞으로 두 번 누르면 선블라인드와 글라스 루프가 완전히 닫힙니다. 위쪽으로 버튼을 누르면 이 움직임이 멈춥니다. 글라스 루프나 선블라인드를 움직이지 않고 버튼을 위로 누르면 글라스 루프가 올라가면서 선블라인드가 약간 열린 위치로 움직입니다. 버튼을 다시 위로 누르면 글라스 루프가 다시 닫힙니다. 글라스 루프가 완전히 열린 경우 버튼을 한 번만 위로 누르면 선블라인드가 움직이지 않고 글라스 루프만 올라갑니다. 이제 선루프 버튼을 누르면 선블라인드와 글라스 루프가 완전히 닫힙니다. 주의 사항: BMW의 제조일자와 예약한 선택사양에 따라 글라스 루프가 먼저 바람에 의해 발생하는 소음이 최소화되는 위치까지만 열립니다. 버튼을 뒤로 밀면 글라스 루프가 완전히 열립니다.
My BMW 앱에서 나의 BMW의 내비게이션 시스템으로 목적지를 어떻게 전송합니까?,"My BMW 앱에서 전송한 목적지를 BMW에 불러와 경로안내에 적용할 수 있습니다. 이를 위해 My BMW 앱의 지도 탭에서 목적지를 선택하고 나의 BMW에 전송을 누릅니다. 다음 시동 시 컨트롤 디스플레이에서 팝업/배너 형태로 해당 메시지가 표시됩니다. 또는 전송한 목적지를 차량에 불러오려면 NAV, 수신된 목적지, BMW Connected를 선택합니다. 차량에 귀하의 BMW ID로 로그인되어 있어야 합니다."
내 BMW에서 도난 방지 기록 장치는 어떻게 작동합니까?,"출고 국가 및 사양에 따라 Operating System 8(서비스 패키지 2021 이상)을 탑재한 BMW에는 Drive Recorder 차량 앱의 일부로 도난방지 기록장치가 탑재되어 있습니다. 기울기 경보 센서 또는 차량 내부 공간 움직임 감지기가 작동하는 즉시 My BMW 앱을 통해 알림을 받게 되며 BMW의 외부 카메라 녹화에 액세스할 수 있습니다. 내부 공간 카메라(SA 4NR) 선택사양을 통해 추가적으로 내부 공간 카메라를 사용해 녹화할 수 있습니다. 주의 사항: 귀하의 BMW에서 도난방지 기록장치를 한 번 활성화하고, My BMW 앱을 통한 데이터 액세스를 허용하고, 데이터 보호 규정에 동의해야 합니다. My BMW 앱에서 귀하의 BMW ID로 로그인되어 있고 푸시 알림을 허용해야 합니다. BMW 사용법 비디오: https://youtu.be/H6nNyMOBmQY"
내 BMW의 전조등에 김 서림을 방지하려면 어떻게 해야 합니까?,냉기 또는 습기가 있을 경우 정차 시간이 길어지면 BMW의 전조등에 김 서림 현상이 발생할 수 있습니다. 김 서림 현상은 일반적으로 주행 중에 조명을 켜면 단시간 내에 저절로 사라집니다. 자동차를 작동해도 라이트 내의 물방울과 같이 전조등에 습기가 생기면 BMW 서비스 센터에 전조등의 점검을 의뢰하십시오.
내 BMW 차량에서 하차할 때 무선 충전용 트레이에 스마트폰이 두고 내렸다는 것을 알려줍니까?,"고객님의 BMW 차량의 모델, 제조일자 사양에 따라 차량에서 하차할 때 무선 충전용 트레이에 스마트폰을 남겨 두었다는 알림을 받게 됩니다. 이 기능을 활성화하거나 비활성화하려면 Operating System 8을 탑재한 BMW 차량의 iDrive Operating System에서 다음 순서로 선택하십시오. 메뉴 차량 앱 시스템 설정 무선 충전용 트레이 휴대전화 알림. Operating System 7을 탑재한 BMW의 경우 다음 순서로 선택하십시오. CAR 설정 일반 설정 무선 충전용 트레이 순서로 선택한 후 기능을 활성화하십시오. 알림은 운전석 도어가 열릴 때 계기판과 컨트롤 디스플레이에 나타납니다."
내 BMW의 앰비언트 라이트의 색상은 어떻게 변경합니까?,Operating System 7 이상 버전을 탑재한 BMW에는 조수석을 비추는 앰비언트 라이트가 있습니다. Operating System 8을 탑재한 BMW에서 앰비언트 라이트의 색상을 변경하려면 iDrive System에서 다음 순서로 선택하십시오. 메뉴 실내 조명 앰비언트 색상. Operating System 7을 탑재한 BMW의 경우 다음 순서로 선택하십시오. CAR 설정 실내 조명 색상.
My Mode Personal은 무엇입니까?,"BMW 오퍼레이팅 시스템 8을 탑재한 BMW에서는 여러 My Mode Personal을 선택할 수 있습니다. 이 모드에서는 주행 특성, 디스플레이 및 차량 내부 공간의 무드에 대한 설정을 개별적으로 구성할 수 있습니다. My Modes Personal은 차량에서 BMW Intelligent Personal Assistant를 통해 음성으로, 센터 콘솔의 My Modes 버튼을 사용하여, 또는 BMW iDrive에서 활성화할 수 있습니다."
내 컴포트 액세스 기능이 있는 내 BMW에 도난 방지 기능이 있습니까?,컴포트 액세스를 탑재한 BMW 차량은 표준사양으로 설치된 도난 방지장치 외에 추가 조치를 통해 도난을 방지합니다. 이를 통해 차량은 인증된 차량 키가 가까이 있는 경우에만 잠금이 해제됩니다. 2021년 이후 생산된 차량에서는 초광대역 무선 통신 표준(UWB)를 통해 위치를 확인하고 데이터를 전송합니다. 차량 키의 원격 제어는 사용하지 않으면 2분 이내에 비활성화되며 이로 인해 전파 연장을 통해 더 이상 접근할 수 없습니다.
내 BMW에서 Apple CarPlay를 사용할 수 있습니까?,"귀하의 BMW에서 Apple CarPlay를 사용하기 위해서는 귀하의 BMW에 공장 출고 시 내비게이션 시스템(SA 6U2, 6U3)과 선택사양 스마트폰 통합(SA 6CP)이 필요합니다. BMW ConnectedDrive Store 에서 귀하의 차량에 스마트폰 통합을 추가 예약할 수 있는지 확인하십시오. 주의 사항: 귀하의 BMW에서 Apple CarPlay를 사용하려면 Apple iPhone에서 WLAN과 블루투스가 활성화되어 있어야 합니다."
Operating System 7을 탑재한 BMW에서 내 BMW ID의 운전자 프로필의 설정을 저장할 수 있습니까?,Operating System 7을 탑재한 고객님의 BMW에서 최대 3명의 운전자가 자신의 BMW ID로 로그인할 수 있습니다. BMW ID로 로그인하지 않고 차량에서 quot게스트quot 운전자 프로필을 사용할 수 있습니다. quot게스트quot 운전자 프로필의 설정은 고객님의 BMW ID에 처음 로그인할 때만 적용할 수 있습니다. 이를 위해서는 BMW iDrive에서 다음과 같이 선택하십시오 . quotCARquotgt quotBMW ID / 운전자 프로필quotgt quotBMW ID / 운전자 프로필 추가quot. BMW ID로 로그인하고 quot현재 설정 적용quot을 선택하십시오.
내 BMW에서 Apple Music을 이용할 수 있습니까?,예 Apple CarPlay와 함께 귀하의 BMW에서 Apple Music을 사용할 수 있습니다. 그러려면 Apple iPhone을 BMW에 연결하고 Apple CarPlay를 시작하십시오. 또는 제한된 기능을 가진 귀하의 BMW에서 블루투스 오디오 스트리밍을 통해 Apple Music을 이용할 수 있습니다.
BMW 디지털 키의 Key Card를 분실하면 이를 어디에서 다시 받을 수 있습니까?,BMW 디지털 키의 Key Card를 분실한 경우 대체 카드에 대해 BMW 공식 서비스 센터에 문의하십시오. BMW는 Key Card를 분실한 경우 가능한 한 빨리 BMW에서 비활성화할 것을 권장합니다. BMW 오퍼레이팅 시스템 7을 탑재한 BMW의 경우 이를 위해 다음 순서로 선택하십시오. quot자동차quot gt quot설정quot gt quot도어 및 액세스quot gt quotBMW 디지털 키quot gt quotBMW Key Card 비활성화quot. BMW 오퍼레이팅 시스템 8을 탑재한 BMW의 경우 다음 순서로 선택하십시오. quot메뉴quot gt quot디지털 키quot gt quotKey Cardquot gt quotKey Card 비활성화quot.
BMW에서 리콜 조치에 대한 정보를 받을 수 있습니까?,"예 리콜 조치가 발생하면 BMW의 컨트롤 디스플레이, My BMW 앱 또는 우편, 이메일, 전화로 알림을 받게 됩니다. 상황과 다음 단계에 대한 정보 외에도, 질문이 있는 경우를 위해 BMW 고객 지원 서비스의 연락처 정보를 받게 됩니다. 조치가 완료될 때까지 My BMW 앱의 차량 상태 메뉴와 차량에 저장되어 있습니다. 현재의 리콜 조치에 대한 자세한 정보는 My BMW 앱과 웹사이트에서 확인하십시오."
My BMW 앱에서 내 BMW ID를 어떻게 삭제합니까?,"My BMW 앱에서 귀하의 BMW ID를 삭제하려면, 프로필 탭에서 설정을 가리키는 우측 상단의 기어 아이콘을 선택한 후 다음과 같이 진행합니다. 프로필 데이터 귀하의 프로필 계정 데이터. 아래 끝까지 스크롤하여 BMW ID 삭제를 클릭하십시오. 주의 사항: BMW ID 삭제에는 시간이 다소 소요될 수 있습니다. 삭제 후 BMW ID로 My BMW 앱, 모든 BMW Group 웹 페이지 및 BMW ID와 연결된 모든 차량에 더 이상 로그인할 수 없으며 BMW ID와 관련해 저장된 모든 개인 데이터 및 설정이 삭제됩니다."
내 BMW에 어떤 연료를 주유할 수 있습니까?,"잘못 주유하는 것을 방지하기 위해 EU-가이드라인 2014/94/EU는 자동차(연료 주입구 플랩 또는 연료탱크 플랩) 및 취급설명서뿐만 아니라 주유소(주유 펌프, 주유기)에서도 다양한 연료 종류와 유형에 대해 일원화된 표시를 규정하고 있습니다. 디젤 연료는 정사각형으로 표시됩니다. 도형 중앙의 단어/이미지 마크는 유형을 표시합니다(예: 바이오 디젤 함량이 최대 7%인 디젤 연료(B7), 바이오 디젤 함량이 최대 10%인 디젤 연료(B10), 파라핀계 디젤 연료(XTL)). 휘발유(가솔린 또는 Super)는 원형으로 표시됩니다. 도형 중앙의 단어/이미지 마크는 가솔린 함유 성분 중 바이오 연료(바이오 에탄올)의 포함 가능성과 그 최대 함량을 표시합니다(예: 바이오 에탄올을 최대 5% 함유한 가솔린(E5), 바이오 에탄올을 최대 10% 함유한 가솔린(E10)). 주유소의 표시가 자동차의 표시와 일치하는지 확인하거나 BMW 자동차의 취급설명서를 확인하십시오."
내 BMW의 계기판에 있는 노란색정면 충돌 경고기능 아이콘은 무엇을 의미합니까?,"고객님의 BMW 계기판에 있는 정면 충돌 경고기능 아이콘은 일시적인 기능 제한을 나타냅니다. 이에 대한 일반적인 원인은 앞의 빛에 직접적인 노출로 인한 눈부심, 오염, 피팅, 결빙 또는 카메라 가시영역 부분 앞유리의 기타 가림 또는 다른 센서(레이더 센서)의 제한 등이 있습니다. 제한이 더 이상 없으면 기능이 자동으로 다시 복구되고 노란색 정면 충돌 경고기능 아이콘이 사라집니다. 추가로 붙은 OFF는 시스템이 일시적으로 완전히 비활성화되었음을 나타냅니다. 시스템에 영구적인 장애가 발생하면 BMW의 컨트롤 디스플레이에 체크컨트롤 메시지가 표시됩니다."
컴포트 액세스를 탑재한 BMW에서 쉘 타입 테일게이트를 어떻게 열고 닫을 수 있습니까?,제조일자와 예약된 선택사양에 따라 BMW에는 쉘 타입으로 된 테일게이트가 제공됩니다. 테일게이트를 열려면 컴포트 액세스를 탑재한 차량의 경우 넌터치 테일게이트 개방 기능을 사용할 수 있습니다. 이를 위해 차량의 뒷 범퍼 중앙 아래로 발을 움직이십시오. 테일게이트가 양쪽으로 열립니다. 마찬가지로 발 동작으로 테일게이트를 다시 닫을 수 있습니다. 또는 상단 테일게이트의 버튼을 눌러 양쪽 테일게이트를 닫을 수 있습니다. 그러지 않고 잠금 버튼(키 아이콘)을 누르면 양쪽 테일게이트가 닫히면서 BMW가 잠깁니다. 따라서 운전석 도어가 닫혀 있어야 하며 차량 키를 휴대해야 합니다. 하단 테일게이트의 버튼을 누르면 테일게이트가 닫히거나 열립니다. 차량의 iDrive 제어 메뉴에서 차량 설정 도어/차량 액세스 테일게이트를 순서대로 선택하고 테일게이트의 개방 정도 및 양쪽 또는 한쪽만 열기/를 설정할 수 있습니다.
BMW의 My Modes란 무엇입니까?,"BMW 오퍼레이팅 시스템 8을 탑재한 BMW의 My Modes는 주행 특성의 구성과 디스플레이 및 차량 내부 공간의 무드를 통해 각기 다른 개성 있는 주행 경험을 선사합니다. 세 가지 My Modes Efficient, Sport 및 Personal에 더하여 2022년 11월 이후 소프트웨어 버전으로(예: Remote Software Upgrade 2022-11 이후 버전의 설치를 통해) My Modes Expressive, Relax 및 Digital Art를 사용할 수 있습니다. BMW Theatre Screen과 연동하여 My Mode Theatre를 선택할 수 있습니다. My Modes는 자동차에서 BMW Intelligent Personal Assistant(안녕 BMW, My Mode Efficient로 변경해 줘)를 통해 음성으로, 센터 콘솔의 My Modes 버튼을 사용하여, 또는 BMW iDrive에서 활성화할 수 있습니다."
내 BMW X5와 BMW X6에 있는 어댑티브 2축 에어 서스펜션의 장점은 무엇입니까?,"자동 차고 제어 시스템을 포함한 어댑티브 2축 에어 서스펜션은 탁월한 민첩성과 안정성을 가능하게 하며, 동시에 편안한 서스펜션과 주행을 보장합니다. 차량 적재와는 무관하게 공기 스프링으로 차량의 올바른 높이를 유지할 수 있습니다. 어댑티브 서스펜션의 전자 제어식 쇽업소버와 함께 항상 편안함과 역동성 사이를 적절하게 조율하며 주행상황 또한 함께 고려합니다. 다양한 주행모드를 사용하여 원하는 대로 섀시 세팅에 영향을 줄 수 있습니다. SPORT 모드에서는 무게 중심을 낮추고 주행 다이내믹을 높이기 위해 차량을 정상 위치에서 10밀리미터 낮추고 서스펜션을 강화하여 커브에서의 롤링이 감소합니다. 다른 주행모드에서도 속도가 140km/h를 넘으면 에어로다이내믹 최적화, 연료 소비 감소 및 주행 가능 거리 증가를 위해 섀시를 낮춥니다. 경사로와 같은 장애물을 위해, 버튼을 눌러 35km/h 미만의 속도에서 최저 지상고를 20밀리미터 높일 수 있습니다. 높이 변경은 운전석 디스플레이에서와 차고제어시스템 버튼의 LED 점멸을 통해 표시됩니다. 어댑티브 2축 에어 서스펜션은 BMW X5 와 BMW X6 각 모델별 탑재 여부는 BMW 공식 딜러사를 통해 확인할 수 있습니다."
내 BMW에서 USB 단자 또는 스냅인 어댑터를 통해 차량 Android를 사용할 수 있나요?,"아니오, 귀하의 BMW에서 차량 Android는 USB 단자 또는 스냅인 어댑터를 통해 사용할 수 없습니다. 선택사양 스마트폰 통합(SA 6CP)과 함께 귀하 BMW의 헤드 유닛에는 추가적인 WLAN 안테나가 장착됩니다. 블루투스를 통한 최초의 연결구성 후 귀하의 BMW는 차량 Android 사용을 위해 WLAN을 통해 스마트폰과 연결됩니다."
내 BMW의 타이어에 있는 별 모양 마크는 무엇을 의미합니까?,"타이어는 BMW의 주행거동과 안전에 아주 큰 영향을 미칩니다. 별 모양 마크는 BMW 순정 타이어를 상징합니다. BMW 순정 타이어는 안전성, 스포츠 특성, 편의성, 마모 및 이피션트다이내믹스에 최적화되어 있습니다. 타이어가 별 마크를 획득할 수 있으려면 광범위한 테스트 프로그램을 통과해야 합니다. 법적으로 지정된 것보다 훨씬 더 많은 품질특성 검사를 거칩니다. BMW 순정 타이어는 주요 타이어 제조사와 긴밀한 협력을 통해 개발되었으며 모델별로 차량 섀시에 맞게 조정되어 있습니다."
My Mode Efficient는 무엇입니까?,"BMW 오퍼레이팅 시스템 8을 탑재한 BMW에서는 여러 My Mode 중에서 Efficient를 선택할 수 있습니다. 이 모드는 지속 가능한 주행을 위해 설계되었으며 가능한 한 연료 소비를 최대로 낮추기 위해 차량을 제어합니다. 내부 공간을 최대한 편하게 만들고 조명 분위기는 쾌적한 파란색이 주를 이루며 엔진 소음은 줄었습니다. My Modes Efficient는 자동차에서 BMW Intelligent Personal Assistant를 통해 음성으로, 센터 콘솔의 My Modes 버튼을 사용하여, 또는 BMW iDrive에서 활성화할 수 있습니다."
BMW 커넥티드 드라이브 서비스는 언제 연장할 수 있나요?,고객님의 BMW에 이용 중인 BMW 커넥티드 드라이브 서비스는 제공 기간이 만료되면 BMW 커넥티드 드라이브 스토어에서 연장할 수 있습니다. 만료 전 고객님의 BMW ID에 연결된 이메일로 안내가 전송됩니다.
내 BMW가 EGR(배기가스 재순환장치 냉각기) 리콜 조치에 해당됩니까?,"현재 분석 결과 특정 BMW 모델의 배기가스 재순환장치 냉각기가 BMW Group의 품질 기준을 충족하지 않으며 차량 수명 주기에 걸쳐 누출이 발생할 수 있는 것으로 나타났습니다. 누출되는 냉각수는 매연 및 오일 침전물과 함께 흡기 시스템에 잠재적인 발화성 침전물을 형성하여 매운 드문 경우 흡기 시스템의 국소 탄화부터 차량 화재까지 초래할 수 있습니다. BMW Group은 해당 차량에 대해 안전 관련 리콜을 수행하기로 결정했습니다. 고객님의 BMW가 EGR(배기가스 재순환장치 냉각기) 리콜 조치에 해당되는지 확인 여부와 리콜 조치에 관한 정보는 공식 BMW 서비스 센터 또는 다음의 인터넷 주소에서 확인할 수 있습니다. https://www.bmw.co.kr/ko/services/bmw-originalparts-recall/recall-search.html. 주의 사항: BMW 웹사이트에서 고객님의 차량의 리콜 조치를 확인하려면 17자리의 차대번호(VIN 넘버)가 필요합니다. 이는 차량 등록증, My BMW 앱 또는 차량에서 운전자측 앞유리 뒤, 도어 윈도우 프레임의 네임 플레이트 또는 오른쪽 차량 측면의 프런트 플랩 아래에서 확인할 수 있습니다. 공식 BMW 서비스 센터를 통한 리콜 조치의 수행은 무료입니다."
BMW 커넥티드 드라이브 Upgrades 이후 내 BMW에서 리모트 엔진 스타트 기능을 활성화해야 합니까?,예 BMW 커넥티드 드라이브 업그레이드로 리모트 엔진 스타트 차량 기능을 예약한 경우 My BMW 앱에서 한 번 또는 디스플레이 키 또는 차량 키를 이용한 삼중 잠금을 통해 활성화하십시오. 주의 사항: 엔진 시동은 출발 시작 전 최대 15분 동안의 탑승자 공간 냉/난방에 사용됩니다. 차량 키 또는 차량 내부 공간 내 BMW 디지털 키 없이는 주행이 불가능합니다.
내 BMW 전기 자동차 또는 플러그인 하이브리드 전기 자동차의 충전 절차를 My BMW 앱에서 시작 또는 정지할 수 있습니까?,My BMW 앱에서 충전 절차를 시작 또는 정지하는 것은 현재 Operating System 8을 탑재한 순수 전기 BMW 자동차에 대해서만 가능합니다. 이전에 이미 My BMW 앱에서 AC 충전 절차를 정지한 경우에만 My BMW 앱에서 이를 시작할 수 있습니다. 공용 충전소의 경우 충전 절차 시작을 위해 경우에 따라 새로운 인증이 필요합니다. 시간 범위 내의 충전 충전 모드일 때 충전을 위한 정차 도중에는 충전 절차를 정지할 수 없습니다.
내 BMW는 언제 자동으로 비상 호출을 실행합니까?,"BMW에는 비상시 자동으로 비상 호출을 실행하는 센서가 장착되어 있습니다. 예를 들어 에어백이 작동되면 BMW 비상호출센터로 자동으로 통화 연결이 이루어집니다. 이때 전송되는 차량 데이터는 현재 차량 위치와 사고의 심각도이며, 이 데이터는 가까운 구조 센터로 전송됩니다. BMW 사용법 비디오: https://youtu.be/Vx1gMkAE4ew 출고 국가에 따라 출고 시 선택사양 인텔리전스 이머전시 콜(SA 6AC) 또는 법적 비상 전화(SA 6AF)로 인텔리전스 이머전시 콜을 사용할 수 있습니다."
내 BMW의 정확한 타이어 공기압에 관한 정보는 어디에서 찾을 수 있습니까?,"BMW의 모델과 제조일자에 따라 정확한 타이어 공기압에 관한 정보는 운전석 도어의 로커 패널, 중앙 디스플레이의 전자식 타이어 주입 압력 표시에 있는 표지판에 있고, My BMW 앱의 디지털 타이어 진단 기능으로도 확인할 수 있습니다. 앞차축(V)과 뒤차축(H)의 타이어 압력은 각각의 부분부하(완전 적재 아님, 고속 상태 아님) 및 전부하(완전 적재 및/또는 고속 상태)의 경우에 대해 기재되어 있습니다."
BMW 레이저 라이트는 무엇입니까?,"레이저에서 방출한 빛이 형광체에 의해 백색광으로 변환됩니다. 이때 형광체 표면은 이상적인 점광원에 매우 가까울 정도로 작습니다. 이 덕분에 빛의 초점을 정확하게 맞추어 라이트 출력을 매우 높일 수 있습니다. BMW 레이저 라이트의 가시거리는 최대 600m로 기존의 조명 기술을 적용한 전조등보다 두 배 더 깁니다. BMW의 사양 및 모델에 따라 레이저 라이트에는 레이저 모듈을 포함한 LED 하향등 및 LED 상향등, LED 차폭등, LED 주간 주행전조등, LED 방향지시등, LED 코너링 라이트, LED 어댑티브 코너링 라이트 및 BMW 셀렉티브 빔(상향 전조등 지원 기능)이 포함됩니다."
내 Apple Watch에서 My BMW 앱의 어떤 기능을 이용할 수 있습니까?,"Apple Watch의 My BMW 앱을 통해 BMW의 차량 상태, 냉/난방 상태, 주행 가능 거리에 대해 확인할 수 있습니다. 원격제어 서비스를 사용해 자동차를 잠그거나 잠금을 해제하고 라이트 또는 경음기를 활성화하고 냉/난방을 시작할 수 있습니다. 주의 사항: My BMW 앱이 iPhone에 설치되어 있어야 하며 watchOS 8 이상을 탑재한 Apple Watch Series 3 이상이 필요합니다."
커넥티드 패키지 프로페셔널에는 무엇이 포함되어 있습니까?,"커넥티드 패키지 프로페셔널에는 다양한 디지털 서비스와 필요한 데이터량과 함께 다음과 같은 내비게이션, 인포테인먼트 또는 컴포트 영역의 BMW용 앱이 포함됩니다. 커넥티드 내비게이션(OTA/USB 맵 업데이트, 실시간 교통 정보 포함), 지도 업데이트, BMW 온라인 차량 앱, 온라인 음성 처리, 리모트 3D 뷰. 주의 사항: 고객님의 BMW의 국가, 모델 및 사양에 따라 커넥티드 패키지 프로페셔널의 사용 가능 여부 및 장비 범위가 다를 수 있습니다. 자세한 정보, 가격 및 기간을 확인하려면 BMW 커넥티드 드라이브 스토어에서 고객님의 BMW ID로 로그인하고 저장된 고객님의 차량을 선택하십시오. 출고 시 BMW 오퍼레이팅 시스템 7, BMW 오퍼레이팅 시스템 8 또는 BMW 오퍼레이팅 시스템 8.5를 탑재한 차량에서 3년 무상 제공되며, 이후 BMW 커넥티드 드라이브 스토어에서 구입할 수 있습니다."
내 BMW 차량에서 차량 Android를 사용할 수 있습니까?,"귀하의 BMW에서 차량 Android를 사용하기 위해서는 귀하의 BMW에 공장 출고 시 내비게이션 시스템(SA 6U2, 6U3)과 선택사양 스마트폰 통합(SA 6CP)이 필요합니다. BMW ConnectedDrive Store 에서 귀하의 차량에 스마트폰 통합을 추가 예약할 수 있는지 확인하십시오. 주의 사항: 귀하의 BMW에서 차량 Android를 사용하려면 스마트폰에서 WLAN과 블루투스가 활성화되어 있어야 합니다."
Operating System 7을 탑재한 BMW의 차량 키를 다른 BMW ID와 어떻게 연결할 수 있습니까?,차량 키 또는 디지털 키를 고객님의 BMW ID에 매핑하면 차량 잠금 해제 시 Operating System 7을 탑재한 고객님의 BMW가 고객님의 개인 설정을 자동으로 활성화합니다. 차량 키를 새 BMW ID에 연결하려면 먼저 기존 연결을 삭제하십시오. 이를 위해서는 BMW iDrive에서 다음과 같이 선택하십시오. quotCARquot gt quot운전자 프로필 quot gt quot운전자 인식quot gt quot키 연결 해제quot. 외부에서 BMW를 잠갔다가 잠시 후 잠금을 해제하십시오. 새 BMW ID로 차량에 로그인하고 위의 메뉴에서 차량 키와 새 BMW ID 간의 연결을 활성화하십시오.
내 국가에서 UMTS 이동통신망(3G)이 차단되면 BMW ConnectedDrive 서비스 사용에 어떤 영향을 미칩니까?,"전 세계적으로 2021년부터 많은 국가에서 UMTS 표준(3G)의 이동통신망을 차단하고 있습니다. 귀하의 BMW 차량이 출고된 국가, 모델, 제조일자 및 사양에 따라 BMW에서 BMW ConnectedDrive 서비스를 사용하는 데 있어 이러한 차단은 영향을 미칩니다. 귀하의 BMW에서 인텔리전스 이머전시 콜 및 법적 비상 전화는 계속해서 제한 없이 사용할 수 있습니다. 타일형 시작 메뉴(ID6) 또는 그 이상과 WLAN 핫스팟(SA 6WD) 또는 무선 충전 텔레포니(SA 6NW) 선택사양이 있는 BMW iDrive 운영 체제에서 BMW ConnectedDrive 서비스를 모두 계속해서 제한 없이 사용할 수 있습니다. BMW의 제조일자가 2017년 7월 이전이라면 BMW 온라인 및 실시간 교통 정보 서비스 사용 시 제한이 발생하며, 자동 지도 업데이트 및 BMW 온라인 음성 처리 서비스는 모델 및 사양에 따라 더 이상 사용할 수 없습니다. 라인형 시작 메뉴(ID4)가 있는 iDrive 운영 체제를 탑재한 BMW 차량에서는 BMW ConnectedDrive Store 에서 BMW Online Entertainment를 더 이상 예약할 수 없습니다."
자동차 외부에서 My BMW 앱으로 주차보조 조작을 시작하거나 종료하려면 어떻게 해야 합니까?,"출고 국가, 모델 및 사양에 따라 My BMW 앱의 원격 제어 주차 기능을 이용해 귀하의 BMW를 주차 또는 출차할 수 있습니다. 자동차에 저장된 주행 경로 내에서 귀하의 BMW를 앞으로 또는 뒤로, 종방향으로 또는 횡방향으로 조작할 수 있습니다. My BMW 앱으로 BMW 외부에서 주차보조 조작을 시작하려면 다음 순서로 선택하십시오. 자동차(탭) 원격 제어 주차. 이어서 원하는 주행 매뉴버링를 선택하고, 주차보조 조작을 중단하거나 종료하고자 할 때까지 주행 매뉴버링 실행을 계속해서 누르고 계십시오. 주차보조 조작을 종료하려면 주행 매뉴버링 종료를 선택하십시오. 주의 사항: 모든 주행 매뉴버링 중에 귀하는 자동차 위치를 기준으로 반경 6m 이내에 있어야 합니다."
My BMW 앱에서 내 BMW의 서비스 요구사항에 대한 알림을 받게 됩니까?,예: 고객님의 BMW가 서비스 요구사항을 표시하거나 고객님의 차량에 대해 필요한 기술적 조치가 있을 경우 My BMW 앱에서 알림을 받게 됩니다. 또한 차량에서 해당 알림이 표시됩니다. 주의 사항: My BMW 앱의 설정에서 푸시 알림 전송을 허용해야 합니다 (프로필 설정알림푸시 알림 허용)
내 BMW가 Takata 에어백 리콜 조치에 해당됩니까?,"업계 전체에 걸쳐 Takata 에어백 세대에 대한 다양한 리콜이 적용됩니다. 특정 BMW 모델 역시 마찬가지입니다. 추가 장착된 스티어링 휠의 경우, 리콜 해당 여부를 확인하려면 다음 웹사이트를 방문하십시오: https://bmwrecallsteeringwheel.expertinquiry.com/?langko . 해당 웹사이트에서 확인할 차량의 차대번호(VIN 넘버)를 입력한 뒤 현재 장착된 스티어링 휠의 사진을 업로드할 수 있습니다. 이후, 각 에어백 교체 여부 확인 및 공식 BMW 서비스센터에서 무료 수리를 받아야 하는지 여부가 확인됩니다. 또는 BMW 서비스센터에서 이러한 사항을 직접 확인할 수 있습니다."
BMW iX1 xDrive30 (2022년 11월) 완전 변경 모델의 고전압 배터리 충전은 얼마나 오래 걸립니까?,"BMW iX1 xDrive30 (2022년 11월) 완전 변경 모델의 고전압 배터리의 사용 가능 용량은 64.7kWh입니다. 충전 출력이 11kW인 AC 충전소에서 충전하는 경우 0에서 100%까지 충전하는 데 약 6시간 30분이 소요되며, 충전 출력이 최대 130kW인 DC 충전소의 경우, 고전압 배터리를 약 30분만에 10에서 80%까지 충전할 수 있습니다."
내 BMW의 앰비언트 라이트의 밝기를 어떻게 조정할 수 있습니까?,Operating System 7 이상 버전을 탑재한 BMW에는 조수석을 비추는 앰비언트 라이트가 있습니다. Operating System 8을 탑재한 BMW에서 밝기를 조정하려면 iDrive Bediensystem에서 다음을 선택하십시오. 실내 조명 앰비언트 배경 조명. Operating System 7을 탑재한 BMW의 경우 다음 순서로 선택하십시오. CAR 설정 실내 조명 앰비언트 라이트. 주의 사항: 앰비언트 라이트 조정값은 현재 사용 중인 운전자 프로필에 저장됩니다.
BMW X1(2022년 11월) 완전 변경 모델에서 주차 브레이크는 어떻게 작동합니까?,BMW X1(2022년 11월) 완전 변경 모델의 주차 브레이크를 작동하려면 정지 상태에서 센터 콘솔의 P 버튼을 누르십시오. 그러면 주차 브레이크와 변속기 잠금 장치가 체결됩니다. 이 버튼을 다시 누르면 주차 브레이크가 풀립니다. 주차 브레이크가 자동으로 체결되도록 설정하려면 BMW iDrive 운영 체제에서 다음과 같이 선택하십시오. 메뉴 차량 앱 주행 설정 운전자 어시스턴트 주차.
내 BMW의 외부 조명등을 수동으로 설정하는 방법은 무엇입니까?,Operating System 8을 탑재한 BMW의 외부 조명등을 설정하려면 iDrive 운영 체제에서 다음 순서로 선택하십시오. 메뉴 자동차 앱 외부 조명등. 이어서 원하는 설정을 선택하십시오. Operating System 7을 탑재한 BMW의 경우 다음 순서로 선택하십시오. CAR 설정 외부 조명등. 기능범위는 BMW의 모델 및 사양에 따라 다릅니다.
BMW 커넥티드 드라이브 스토어에서 구매한 후 Apple CarPlay는 BMW 차량에서 바로 활성화 되나요?,예 Apple CarPlay는 BMW 커넥티드 드라이브 스토어에서 구매한 후 고객님의 BMW에서 바로 사용 가능합니다. 주의 사항: 고객님의 BMW 차량에 커넥티드 드라이브 서비스가 업데이트되어 있어야 하며 날짜 및 시간이 올바르게 설정되어 있어야 합니다.
BMW eDrive 구간이 있는 국가 및 도시는 어디입니까?,"BMW eDrive 구간은 현재 벨기에, 덴마크, 독일, 프랑스, 그리스, 이탈리아, 아일랜드, 룩셈부르크, 노르웨이, 네덜란드, 오스트리아, 포르투갈, 스웨덴, 스위스, 스페인, 미국 영국의 일부 도심 지역에 있습니다. 독일에서 특히 58개 도시 내 도심 환경 보호 구역은 BMW eDrive 구간에 해당합니다. BMW eDrive 구간에 진입하면 BMW 플러그인 하이브리드 전기 자동차는 완전 전기식 주행 모드로 자동 전환됩니다. 서비스의 BMW eDrive 구간 감지를 위해 고객님 BMW의 GPS 좌표가 사용됩니다. 내비게이션 지도에 BMW eDrive 구간이 파란색으로 표시됩니다. 주의 사항: BMW 플러그인 하이브리드 전기 자동차는 BMW eDrive 구간 서비스를 지원하고 해당 서비스는 고객님의 차량에 활성화되어 있어야 합니다."
차량 키의 배터리가 방전된 경우 주행권한(Passive Go)이 있는 BMW를 어떻게 시동할 수 있습니까?,주행권한(Passive Go)은 출입권한(Passive Entry) 및 권한(Passive Exit) 외에 컴포트 액세스 시스템인 Comfort Access의 기능입니다. 이 기능을 사용하면 ID 센서를 액티브하게 사용하지 않고도 차량을 잠금 해제하거나 잠그고 엔진을 시동할 수 있습니다. 기술적인 문제가 있거나 차량 키의 배터리가 방전된 경우 차량 내부 공간에서 차량 키가 더 이상 감지되지 않아 차량 시동이 걸리지 않습니다. 이러한 이유로 비상 시동 코일이 스티어링 칼럼에 내장되어 있습니다. 이 코일은 일반적으로 스티어링 휠에서 키를 삽입하는 지점 옆에 있습니다. 엔진을 시동하려면 표시된 위치에 차량 키를 고정하고 시동/정지 버튼을 동시에 누르십시오. 선택사양인 컴포트 액세스 (SA 322)를 장착한 E 시리즈 차량의 경우 기술적인 결함이 있거나 배터리가 방전된 경우 차량 키를 플러그인 홈에 삽입해야 합니다.
My BMW 앱의 디지털 타이어 진단 기능은 어떤 이점이 있습니까?,"My BMW 앱의 디지털 타이어 진단 기능을 통해 공기압, 마모 상태 또는 잔여주행거리 등 차량의 타이어 상태를 확인할 수 있습니다. 타이어 공기압 손실 시 My BMW 앱이 즉각적으로 경고합니다. 이 밖에 타이어 제조사와 같은 자세한 정보를 확인할 수 있습니다."
인터넷의 My BMW 포탈에서 차량을 제거하는 방법은 무엇입니까?,My BMW 포털에서 고객님의 BMW ID의 BMW를 제거하려면 해당 국가의 BMW 웹사이트에서 고객님의 BMW ID로 로그인한 뒤 내비게이션 바의 프로필 아이콘을 클릭하고 차량 개요에서 해당 차량을 선택한 뒤 다음 순서로 선택하십시오. 설정 차량 제거. 또는 My BMW 앱에서 고객님의 BMW를 고객님의 BMW ID에서 제거할 수 있습니다. 주의 사항: 차량은 BMW ID에서 영구적으로 제거됩니다.
내 스마트폰이 내 BMW 차량의 무선 충전용 트레이에서 충전되지 않는 이유는 무엇입니까?,고객님의 BMW 차량에서 무선 충전용 트레이로 스마트폰을 충전할 수 있으려면 스마트폰의 디스플레이가 위쪽을 향하도록 해서 트레이 중앙에 스마트폰을 놓아야 합니다. 고객님의 스마트폰이 Qi 표준(유도식 에너지 전송)에 의거해서 인증을 받은 제품이어야 하고 작동 준비가 된 상태이어야 합니다. 고객님의 BMW 차량과 스마트폰에서 충전 기능이 활성화되어 있어야 합니다. 주의 사항: 두꺼운 스마트폰 커버나 금속 케이스는 충전 과정을 방해합니다.
Operating System 7을 탑재한 BMW에서 내 BMW ID를 어떻게 삭제합니까?,Operating System 7을 탑재한 BMW 차량의 경우 최대 3명의 운전자가 자신의 BMW ID로 로그인할 수 있습니다. 자동차에서 BMW ID를 삭제하려면 다음을 선택하십시오. quotBMW IDquot(우측 상단 프로필 아이콘) gt quot설정quot gt quot운전자 프로필 제거quot 및 BMW ID 뒤에 있는 휴지통 아이콘.
BMW M 조명 섀도우 라인과 기본 사양 전조등 간에는 기능상의 차이점이 있습니까?,아니오. BMW M 조명 섀도우 라인과 기본 사양의 전조등 간에는 기능상의 차이점이 없습니다. 시각적으로 메인 전조등의 모든 크롬 요소는 블랙 색상입니다.
BMW Service Inclusive 서비스에는 어떤 서비스가 포함되어 있습니까?,"BMW Service Inclusive는 다음 서비스를 보장합니다. 보충량을 포함한 엔진오일 서비스, BMW 상세설명에 따른 차량 체크 서비스, 에어필터 서비스, 연료 필터 서비스(디젤 엔진의 경우), 마이크로 필터 서비스, 점화플러그 서비스(가솔린 엔진의 경우) 및 브레이크액 서비스. 주의 사항: 이 서비스는 BMW 차량에 서비스 요구사항이(노란색 또는 빨간색 상태) 표시된 경우에만 혜택을 받을 수 있습니다."
My BMW 앱에서 내 BMW 전기 자동차의 충전 최적 경로를 어떻게 계획합니까?,BMW 전기 자동차에 대해 My BMW 앱에서 충전 최적 경로를 계획할 수 있습니다. 지도(탭)에서 목적지를 선택하고 경로 표시를 선택하십시오. 목적지가 주행 가능 거리 범위 밖에 있을 경우 My BMW 앱이 경로를 따라 효율적인 충전 정차지를 제안합니다. 경로 계획에서 경유지 추가가 가능합니다. 계획 옵션에서 출발 시 충전상태 및 주행 중 모든 충전소에 대한 최소 충전상태를 지정할 수 있습니다. 충전소 운영업체 영역에서 선호하는 충전소 운영업체에 대한 필터를 저장할 수 있습니다. 계획된 경로를 BMW로 전송할 수 있습니다.
My BMW 앱에서 BMW Maps의 학습된 목적지를 어떻게 영구적으로 삭제합니까?,"BMW Maps는 BMW ID와의 연계를 기반으로 귀하의 운전 습관을 학습해서 바로 다음에 운전해서 갈 가능성이 높은 목적지를 예측합니다. Operating System 8이 탑재된 BMW 차량에서는 학습된 목적지나 경로를 BMW 클라우드를 사용해 BMW Id에 동기화됩니다. 전체 또는 개별 학습된 목적지를 영구적으로 삭제하려면 My BMW 앱에서 다음을 선택하십시오. 프로필 (탭) 설정 (기어 아이콘) 수집된 데이터 학습된 목적지. 주의 사항: 선택한 목적지를 나중에 새로 학습하지 않게 하려면, 이 목적지는 학습하지 않음을 선택하십시오."
BMW 내비게이션 시스템에서 목적지의 GPS 좌표를 입력할 수 있습니까?,"예 BMW Live Cockpit과 BMW BMW 오퍼레이팅 시스템 7(2020년 7월 이후 버전)을 탑재한 BMW의 경우 검색창에 목적지에 대한 GPS 좌표를 입력할 수 있습니다. 또는 내비게이션 GPS 좌표를 순서대로 선택하십시오. 예를 들어 뮌헨의 BMW World에 대해서는 좌표 48.17737, 11.55623을 입력할 수 있습니다."
BMW 프리미엄 셀렉션 보증은 무엇입니까?,"BMW 인증 중고차는 5년, 그리고 10만km 이내의 차량에 한해 (전기차/M 차량 제외) 1년, 혹은 2만km BMW 프리미엄 셀렉션 보증을 포함합니다. 사용자 설명서의 사용지침에 따라 정상적으로 관리/사용한 경우에 한하여 차량 운행과 안전에 직접적인 영향을 미치는 고장이 기술적 분석을 통해 밝혀진 경우 무상으로 수리가 진행되며, 비사업용 승용차(비사업용은 영리법인 또는 개인의 사업목적에 사용되지 않은 차량)에 한하여 보증하여 드립니다. 또한, 이 보증의 제3자 양도는 불가합니다. 무상보증 한도 금액은 누적 금액 총 800만 원(VAT 포함)이며, 보증한도 초과금은 별도로 고객께서 부담하셔야 합니다.상세한 보증 내용은 각 BMW 인증중고차 전시장에 문의해주시기 바랍니다."
BMW 헤드업 디스플레이에는 어떤 기능이 있습니까?,"BMW 헤드업 디스플레이(HUD)는 주행 안전성과 주행 편의성을 높여주는 다양한 기능을 제공합니다. 이러한 기능은 모델에 따라 다를 수 있습니다. 여기에는 다음 디스플레이가 포함됩니다. 시작 화면, 운전자 지원 시스템(예: 액티브 크루즈 컨트롤, 자동속도 조절 또는 주행속도제한), 체크컨트롤 메시지, 내비게이션, 목록(예: 엔터테인먼트 또는 통신용), 주행 모드 및 Showroom 모드. 주간 디자인에서 야간 디자인으로 전환하는 것은 계기판의 디스플레이와 유사합니다."
충전 절차 후 My BMW 앱의 충전 히스토리에서 내 BMW 전기 자동차 또는 플러그인 하이브리드 전기 자동차에 대한 정보가 표시되지 않는 이유는 무엇입니까?,"사용자의 자동차가 정보를 제공하지 않았거나 불충분한 정보를 제공했을 경우, My BMW 앱은 충전 히스토리(E-모빌리티 허브 내) 영역에서 BMW 전기 자동차 또는 플러그인 하이브리드 전기 자동차의 완료된 충전 절차에 관한 정보를 표시하지 않습니다."
BMW 디지털 키와 BMW 디지털 키 플러스의 차이점은 무엇입니까?,"호환되는 스마트폰이나 Apple Watch의 BMW 디지털 키 또는 BMW 디지털 키 플러스를 통해 고객님의 BMW를 잠그거나 잠금 해제하고 시동 걸 수 있습니다. BMW 디지털 키는 무선 표준인 근거리 무선통신(NFC)을 사용하는 반면, BMW 디지털 키 플러스는 데이터 전송에 초광대역(UWB) 및 블루투스를 사용합니다. BMW 디지털 키를 사용해 자동차를 잠그거나 잠금을 해제하려면 모바일 기기를 도어 손잡이에 대야 합니다. BMW 디지털 키 플러스는 접근 시 자동차의 잠금을 자동으로 해제하고 웰컴 시나리오를 시작하며, 시동을 위한 모든 기능을 활성화합니다. 엔진을 시동하려면 BMW 디지털 키가 있는 모바일 기기를 스마트폰 트레이에 놓아야 합니다. BMW 디지털 키 플러스의 경우 모바일 기기가 탑승자 공간 내에 있는 것만으로도 충분합니다."
내 BMW에 있는 웰컴라이트를 어떻게 활성화합니까?,웰컴라이트를 사용하면 자동차에 접근하거나 잠금을 해제할 때 BMW의 외부 조명등 및 실내 조명의 각 라이트 기능이 일정 시간 동안 켜집니다. Operating System 8을 탑재한 BMW에서 웰컴라이트를 활성화하려면 iDrive 운영 체제에서 다음 순서로 선택하십시오. 메뉴 자동차 앱 외부 조명등 기타 설정 환영 및 작별. Operating System 7을 탑재한 BMW의 경우 다음 순서로 선택하십시오. CAR 설정 외부 조명등 환영 및 작별. 주의 사항: 외부 조명등의 기능범위와 작동방법은 모델 및 사양에 따라 다를 수 있습니다.
BMW 리모트 소프트웨어 업그레이드 기능 오류 발생 시 고장 메시지를 받게 됩니까?,예 BMW 리모트 소프트웨어 업그레이드 기능 오류가 발생할 경우 BMW의 컨트롤 디스플레이 및 My BMW 앱에 고장 메시지가 나타납니다. 고장 메시지의 안내를 따르십시오. 기능 오류를 스스로 해결할 수 없을 경우 BMW 서비스 센터에 문의하십시오.
내 BMW에서 ISOFIX 유아석을 어떻게 고정합니까?,BMW에서 ISOFIX 유아석을 부착하려면 적절한 ISOFIX 부착점이 있어야 합니다. 해당 BMW 모델 및 사양에 따라 이 부착점은 뒷좌석 바깥쪽 자리 또는 동반석의 좌석과 등받이 사이에 있습니다. 장착 시 각 ISOFIX 유아석의 설치 설명서와 해당 BMW의 사용자 설명서 지침 및 해당 국가의 법적 규정에 유의하십시오.
블루투스 기능를 통해 여러 대의 기기를 내 BMW와 페어링할 수 있습니까?,"Operating System 7 이상 버전을 탑재한 BMW 차량에서는 기기를 최대 4대까지 블루투스를 통해 동시에 페어링할 수 있습니다. 주의 사항: 전화 통화용으로 페어링된 기기 최대 2대까지, 오디오 플레이백용으로 기기 최대 2대까지 각각 사용할 수 있습니다. 블루투스를 통한 모바일 기기 페어링에 대한 자세한 내용은 Drivers Guide 앱이나 해당 BMW 차량의 사용 설명서를 참조하십시오."
BMW 다운로드 매니저를 통해 수동 지도 업데이트를 다운로드하기 위해 컴퓨터의 폴더를 변경하려면 어떻게 해야 합니까?,"BMW 차량에서 수동으로 지도를 업데이트하려면 컴퓨터에서 BMW 다운로드 매니저를 사용하여 지도 데이터를 호환 가능한 USB 스틱에 저장해야 합니다. 디폴트 세팅으로 BMW 다운로드 매니저는 컴퓨터의 다운로드 폴더에 지도 데이터를 저장합니다. BMW 다운로드 매니저를 통해 컴퓨터에 수동 지도 업데이트를 다운로드하기 위한 폴더를 변경하려면, BMW 다운로드 매니저에서 다음 순서로 선택하십시오. 설정(기어 모양 아이콘) 다운로드 저장 위치 변경."
BMW 오퍼레이팅 시스템 7을 탑재한 내 BMW에서 현재 속도 제한 변경 시 경고를 비활성화하려면 어떻게 해야 합니까?,"BMW 오퍼레이팅 시스템 7이 탑재된 BMW에서 Speed Limit Info는 속도 제한 초과 시 시각 경고와 경우에 따라 음향 경고를 표시합니다. 스트어링 휠의 SET 버튼을 길게 눌러, 현재 주행에 대해 이것을 비활성화할 수 있습니다. 또는 운전자 어시스턴트 주행 Speed Limit Assist 및 초과 시 경고 메뉴를 통해 경고를 비활성화할 수 있습니다. 설정(예: 속도 제한 시 경고)을 즐겨찾기 버튼에 저장할 수도 있습니다. 하지만 법적 규정으로 인해 다음 주행 시 시각 및 청각 경고가 다시 활성화됩니다."
컴포트 액세스를 이용하여 내 BMW의 잠금이 해제되지 않을 경우 어떻게 해야 합니까?,모델 및 사양에 따라 고객님의 BMW는 차량 도어 손잡이를 완전히 붙잡거나 접촉 없이 접근하면 컴포트 액세스로 잠금이 해제됩니다. 비접촉 잠금 해제를 위한 잠금 해제 구역은 도어 손잡이의 약 1m 반경 내에 있습니다. 차량 키가 장기간 잠금 해제 구역에 움직이지 않은 채 있을 경우 차량은 자동으로 잠깁니다. BMW iDrive에서 자동 잠금 해제를 활성화해야 합니다. 각 차량 키의 설정은 하나의 개인 운전자 프로필에 저장해야 합니다. 비상 시 차량 키의 잠금 해제 버튼을 누르거나 차량 도어를 통합된 차량 키로 수동으로 여십시오. My BMW 앱의 원격제어 서비스를 통해서도 차량 도어의 잠금을 해제할 수 있습니다.
내 BMW에서 내부 공간 카메라는 어떤 용도로 사용할 수 있습니까?,Operating System 7 이상 버전을 탑재한 BMW의 내부 공간 카메라는 My BMW 앱을 통해 원격 제어로 차량을 보고(리모트 인사이드 뷰) 실내 공간 사진(스냅샷)을 촬영하는 데 이용될 수 있습니다. 스냅샷은 My BMW 앱 또는 능동형 경보장치를 통해 작동됩니다. 고객님의 BMW 차량의 제조일자 사양에 따라 내부 공간 카메라라는 또한 얼굴 인식에 사용됩니다.
BMW 전기 자동차 또는 플러그인 하이브리드 전기 자동차의 충전 절차를 My BMW 앱에서 중단할 수 있습니까?,Operating System 8 이상을 탑재한 BMW 전기 자동차 또는 플러그인 하이브리드 전기 자동차의 충전 절차를 My BMW 앱에서 중단하려면 상태 표시줄에서 현재 충전 절차를 누르고 충전 절차 중지를 선택하십시오.
내 BMW에서 비상 호출을 테스트할 수 있습니까?,예 고객님의 BMW에서 비상 호출을 테스트할 수 있습니다. 비상호출 버튼을 눌러 BMW 비상호출센터와 통화 연결을 할 수 있습니다. 여기에는 약 5초가 소요됩니다. 이 시간 동안에는 통화를 수동으로 끝낼 수 있습니다. 통화 연결 후에는 안전상의 이유로 이를 스스로 끝낼 수 없습니다. 대화 상대에게 테스트 통화였다고 알려주십시오. 고객님이 BMW 직원의 질문에 대답을 하지 않으면 그는 비상 상황이라고 간주하여 가장 가까운 곳에 있는 구조 센터에 사고에 관해 알립니다. BMW 사용법 비디오: https://youtu.be/Vx1gMkAE4ew 출고 국가에 따라 출고 시 선택사양 인텔리전스 이머전시 콜(SA 6AC) 또는 법적 비상 전화(SA 6AF)로 인텔리전스 이머전시 콜을 사용할 수 있습니다.
내 BMW 전기 자동차의 고전압 배터리의 수명을 위한 최적의 충전상태는 얼마입니까?,BMW는 BMW 전기 자동차의 고전압 배터리 수명을 최적화하기 위해 10%에서 80 사이의 충전상태를 권장합니다. 충전상태 100%로의 완전 충전은 장거리 주행 직전에만 권장됩니다. 높은 충전상태로 주차해 두는 것은 고전압 배터리의 수명에 부정적인 영향을 미칩니다. 고객님의 BMW의 모델 및 사양에 따라 BMW iDrive 또는 My BMW 앱에서 목표 충전량을 예를 들어 80%로 지정할 수 있습니다. 실제로 더 긴 주행 가능 거리가 필요한 경우 충전 목표를 필요에 따라 더 높게 설정할 수 있습니다.
내 BMW에서 속도 제한 지원은 어떻게 작동합니까?,속도 제한 어시스트는 속도 제한 안내 정보를 고객님의 BMW 차량의 액티브 크루즈 컨트롤과 결합하고 액티브 크루즈에 대해 감지된 속도 제한을 예측을 통해 수동으로(수동 속도 제한 보조 장치) 또는 동적으로/자동으로(자동 속도 제한 보조 장치)를 적용할 수 있도록 합니다. BMW에 거리 제어(StopGo 포함 ACC)가 없거나 비활성화된 경우 속도 제한 어시스트가 스피드 리미터의 속도를 대신합니다.BMW 사용법 비디오(OS8): https://youtu.be/t34CjdvqmVoBMW 사용법 비디오(OS7): https://youtu.be/n6NyhHW95fQ
내 BMW에 있는 어댑티브 코너링 라이트는 어떻게 작동합니까?,어댑티브 코너링 라이트는 가변 조정식으로 전조등을 컨트롤하여 다이내믹하게 도로에 조명을 비출 수 있습니다. 휠 각도 및 기타 패러미터에 따라 전조등은 도로의 진행 방향을 따라갑니다. 굽은 도로와 같이 좁은 커브 구간에서나 코너링 시에 특정한 속도까지 코너링 라이트를 켭니다. 속도에 따라 가변 조정 분배 장치는 도로의 조명을 보다 향상시킵니다. 광분배는 속도에 맞춰 자동으로 조정됩니다. 시티 라이트는 속도가 50km/h 미만일 때 활성화됩니다. 고속도로 주행등은 속도가 110km/h를 초과하면 30초 이후에 켜지며 속도가 140km/h를 초과하면 곧바로 켜집니다.
사전 예약한 BMW 신차는 인도 시점이 어떻게 되나요?,"BMW 공식 딜러사가 예상 인도일을 안내하며, 적절한 시기에 계약 체결 및 차량 인도를 위한 일정을 잡을 것입니다."
BMW에 대한 BMW 커넥티드 드라이브 서비스를 구매하거나 연장하는 방법은 무엇입니까?,"BMW 커넥티드 드라이브 스토어에서 고객님의 BMW에 대한 BMW 디지털 서비스를 구매할 수 있습니다. 이를 위해서는 BMW ID가 필요하며 고객님의 BMW가 BMW ID에 연결되어 있어야 합니다. 서비스 또는 패키지의 구매를 완료하려면 My BMW 포털에서 개인 데이터 및 결제 수단을 저장해야 합니다. My BMW 앱에서도 BMW 커넥티드 드라이브 스토어를 확인할 수 있으며 BMW 오퍼레이팅 시스템 7, BMW 오퍼레이팅 시스템 8, BMW 오퍼레이팅 시스템 8.5 또는 BMW 오퍼레이팅 시스템 9을 탑재한 차량에서 차량 앱으로 표시됩니다."
내 BMW의 타이어 압력 점검은 무엇입니까?,타이어 압력 점검(RDC)은 주행 중 타이어 공기압을 감시하는 시스템입니다. 이 시스템은 직접 측정식으로 각 휠에 있는 휠 전자장치를 사용하여 모든 타이어의 타이어 공기압을 계산합니다. 타이어 공기압 외에도 타이어 공기 온도 등을 감지합니다. BMW 사용법 비디오: https://youtu.be/mAUwz3e8W3c
BMW 오퍼레이팅 시스템 8 또는 BMW 오퍼레이팅 시스템 9을 탑재한 BMW의 자주 사용하는 기능에 대한 단축키를 어떻게 저장합니까?,"라디오 채널, 내비게이션 목적지, 전화번호 또는 하위메뉴로의 이동과 같이 자주 사용하는 기능을 빠르게 활성화하기 위해 BMW에서 이러한 기능을 단축키로 저장할 수 있습니다. 이를 위해서는 BMW 오퍼레이팅 시스템 8, BMW 오퍼레이팅 시스템 8.5 또는 BMW 오퍼레이팅 시스템 9을 탑재한 BMW iDrive에서 원하는 기능을 선택하고 이를 누른 상태로 단축키에 추가를 선택하십시오. 주의 사항: 고객님의 BMW에서 고객님의 BMW ID로 로그인되어 있어야 합니다. 컨트롤 디스플레이에서 위에서 아래로 스와이프하면 저장된 단축키가 표시됩니다."
BMW에서 Apple CarPlay를 통해 iPhone 앱의 영상을 재생할 수 있습니까?,아니오 고객님의 BMW 차량에서는 Apple CarPlay를 통해 iPhone 앱의 영상을 재생할 수 없습니다.
BMW X1(2022)에는 어떤 시리즈 사양이 있습니까?,"BMW X1 (2022년 11월) 완전 변경 모델의 광범위한 기본 사양에는 스텝트로닉 자동 변속기, 스포츠 가죽 스티어링 휠, 어댑티브 LED 헤드라이트와 자동 테일게이트, BMW 커브드 디스플레이의 터치 기능이 있는 BMW iDrive 및 파킹 어시스턴스 플러스, 내비게이션 포함 BMW Live Cockpit Plus와 BMW Intelligent Personal Assistant를 이용한 음성 제어 및 스마트폰 통합 등이 포함됩니다."
BMW에서 어떤 My Modes를 선택할 수 있습니까?,"BMW 오퍼레이팅 시스템 8을 탑재한 고객님의 BMW에서는 세 가지 My Modes Efficient, Sport 및 Personal에 더하여 2022년 11월 이후 소프트웨어 버전으로(예: Remote Software Upgrade 2022- 11 이후 버전의 설치를 통해) My Modes Expressive, Relax 및 Digital Art를 사용할 수 있습니다. BMW Theatre Screen과 연동하여 My Mode Theatre를 선택할 수 있습니다. BMW iDrive의 향후 추가 개발의 일환으로 My Modes가 몇 가지 더 추가될 예정입니다."
수동으로 지도를 업데이트한 후 내 컴퓨터에서 BMW 다운로드 매니저를 제거할 수 있습니까?,예 수동으로 지도를 업데이트한 후 컴퓨터에서 BMW 다운로드 매니저를 제거할 수 있습니다. BMW 다운로드 매니저를 제거하려면 컴퓨터의 다운로드 매니저 메뉴에서 다음 순서로 선택하십시오. 설정 제거.
타이어 압력 점검 기능을 탑재한 내 BMW에서 타이어 데이터를 수동으로 저장하려면 어떻게 해야 합니까?,Operating System 7 및 타이어 압력 점검 기능을 탑재한 BMW에서 타이어 데이터를 수동으로 저장하려면 iDrive 조작 메뉴에서 다음 순서로 선택하십시오. CAR 차량 상태 타이어 압력 점검 타이어 설정 타이어 선택 수동 타이어 유형. 이어서 뒤차축에 설치되어 있는 타이어의 타이어 유형을 선택하십시오. Operating System 8을 탑재한 BMW의 경우 다음 순서로 선택하십시오. 메뉴 자동차 앱 차량 상태 타이어 압력 점검 타이어 설정 타이어 선택 수동 타이어 유형. 특별 승인을 받은 타이어를 사용하는 경우 기타 타이어를 선택하십시오. 이어서 자동차의 적재 상태를 선택한 후 타이어 설정 저장을 선택하십시오. 현재의 타이어 공기압 측정이 시작됩니다. 측정 과정이 표시됩니다. BMW 사용법 비디오: https://youtu.be/mAUwz3e8W3c
자동차 외부에서도 My BMW 앱을 이용해 주차보조 조작을 실행할 수 있습니까?,"BMW와 스마트폰의 모델 및 사양에 따라 My BMW 앱을 통해 BMW를 주차할 수 있습니다. 귀하의 BMW는 2022년 11월 버전 이상의 Operating System 8과 파킹 어시스턴트 프로페셔널(SA 5DW) 선택사양이 필요합니다. 차량에 원격제어 서비스가 예약 및 활성화되어 있어야 하며, BMW Digital Key Plus를 설정해야 합니다. 주차보조 조작이 자동차에 저장되어 있어야 합니다. iOS 16.2 이상이 설치된 Apple iPhone 11 이상 및 최신 버전의 My BMW 앱이 필요합니다. 참고: 귀하의 BMW 외부에서 My BMW 앱을 이용해 주차보조 조작을 실행하려면 귀하는 자동차 위치를 기준으로 반경 6m 이내에 있어야 하며, iPhone에서 블루투스가 활성화되어 있어야 합니다."
내 BMW 전기 자동차 또는 플러그인 하이브리드 전기 자동차의 최근 충전 데이터를 어떻게 My BMW 앱에서 내보냅니까?,"네, BMW 전기 자동차 또는 플러그인 하이브리드 전기 자동차의 충전 히스토리 데이터를 내보내려면 My BMW 앱에서 다음 순서로 진행하십시오. 충전 히스토리(충전 영역에서)로 이동해 원하는 월과 분할을 선택하십시오. 그러면 스마트폰에 마이크로소프트 엑셀 데이터 형식으로 데이터를 내보낼 수 있는 옵션이 표시됩니다. 주의 사항: 내보내기는 충전 히스토리에 표시된 데이터만 포함됩니다."
내 BMW에서 Android Auto를 통해 내 스마트폰이 더 이상 연결되지 않을 경우 어떻게 해야 합니까?,Android Auto를 통해 호환되는 고객님의 안드로이드 스마트폰의 일부 앱을 고객님의 BMW의 컨트롤 디스플레이에 표시하고 BMW iDrive를 통해 조작할 수 있습니다. Android Auto를 사용하려면 차량에서 블루투스를 통해 스마트폰을 모바일 기기로 연결하고 연결된 기기의 설정에서 Android Auto를 활성화해야 합니다. 차량과 스마트폰에서 Wi-Fi가 활성화되어 있어야 합니다. 스마트폰이 더 이상 Android Auto를 통해 연결되지 않거나 사용 중 연결이 반복적으로 중단될 경우 다음 단계를 수행하십시오: 스마트폰에서 연결된 모바일 기기 목록을 삭제하십시오. 스마트폰에의 블루투스 설정에서 고객님의 BMW를 삭제하십시오. 스마트폰에의 Wi-Fi 설정에서 고객님의 BMW를 삭제하십시오. 스마트폰에의 Android Auto 설정에서 고객님의 BMW를 삭제하십시오. 스마트폰을 껐다가 다시 켜십시오. BMW에서 서비스를 업데이트하십시오. BMW의 모바일 기기 메뉴에서 스마트폰을 다시 연결하고 Android Auto 연결 모드를 선택하십시오. BMW 사용법 비디오(BMW OS7): https://youtu.be/UvDpJAIw6pY BMW 사용법 비디오(BMW OS9): https://youtu.be/mcJhIikjU2I
파킹 어시스턴트 프로페셔널을 BMW 커넥티드 드라이브 스토어에서 예약하면 내 BMW에서 자동으로 활성화됩니까?,예 BMW 커넥티드 드라이브 스토어에서 BMW 커넥티드 드라이브 업그레이드로 구입할 수 있는 파킹 어시스턴트 프로페셔널은 BMW 커넥티드 드라이브 스토어에서 구입한 후 몇 분 이내에 고객님의 BMW에서 자동으로 활성화됩니다. BMW 컨트롤 디스플레이에 메시지가 나타납니다.
지문이나 얼굴 인식을 통해서도 My BMW 앱을 열 수 있습니까?,예 지문(Touch ID)이나 얼굴 인식(Face ID)과 같은 스마트폰의 생체 인증 방식을 통해서도 My BMW 앱을 열 수 있습니다. 스마트폰에서 생체 인증 방식이 지원되지 않거나 이를 비활성화한 경우 PIN을 통해 My BMW 앱을 열 수 있습니다.
내 BMW 앱의 컨텐츠 및 기능을 내 스마트폰에서 위젯으로도 표시되도록 할 수 있습니까?,예 My BMW 앱은 Apple iPhone 및 안드로이드 스마트폰에서 위젯으로도 사용할 수 있습니다. 위젯으로 스마트폰의 시작화면에서 직접 정보를 받게 되며 My BMW 앱을 열지 않고도 클릭하여 기능을 실행할 수 있습니다.
내 BMW 조수석에 카시트를 설치하는 경우 어떤 점에 유의해야 합니까?,"카시트를 BMW의 조수석에 설치하는 경우, 장착 시 각 ISOFIX 카시트의 설치 설명서와 해당 BMW의 사용자 설명서 지침 및 해당 국가의 법적 규정에 유의하십시오. 규정에 따라 안전벨트로 카시트를 고정하거나 ISOFIX 앵커를 사용하여 BMW 조수석의 ISOFIX 부착점(카시트 고정 장치 ISOFIX 사양에서 사용 가능)에 고정하십시오."
My Mode Sport는 무엇입니까?,"BMW 오퍼레이팅 시스템 8을 탑재한 BMW에서는 여러 My Mode 중에서 Sport를 선택할 수 있습니다. 이 모드에서는 가속 및 핸들링과 같은 주행 특성을 스포티한 주행 스타일에 맞추어 설계했습니다. 엔진 사운드가 뚜렷하게 들리며 가속 시 음향식 피드백이 분명하게 전달됩니다. 운전에 완전히 집중할 수 있도록 디스플레이가 축소되고 집중할 수 있도록 디자인되었습니다. My Modes Sport는 자동차에서 BMW Intelligent Personal Assistant를 통해 음성으로, 센터 콘솔의 My Modes 버튼을 사용하여, 또는 BMW iDrive에서 활성화할 수 있습니다."
내 BMW에 있는 후미 안개등은 자동으로 활성화됩니까?,BMW에 있는 후미 안개등은 하향등이 켜진 상태에서만 활성화할 수 있습니다. 자동 전조등 제어 장치가 켜져 있으면 하향등은 후미 안개등을 켤 때 자동으로 켜집니다. 후미 안개등이 켜져 있으면 계기판의 황색 표시등이 점등됩니다.
BMW X3 및 BMW X4 (2021년 8월) 부분 변경 모델에서 주행 지원 패키지인 Driving Assistant Professional의 Parking Assistant Plus는 어떻게 작동합니까?,"BMW X3 및 BMW X4 (2021년 8월) 부분 변경 모델에서 주행 지원 패키지인 quotDriving Assistant Professionalquot의 선택사양 quotParking Assistant Plusquot에는 주차 공간에서 차선과 평행하게 자동으로 빠져나오기, 액티브 주차 거리 경보장치(PDC) 및 평행 주차 지원 등을 포함하여 직각 및 평행 주차를 돕는 파킹 어시스턴트가 포함되어 있습니다. 액티브 주차 거리 경보 장치는 또한 최대 5 km/h까지 후진할 때 충돌 위험이 있는 경우 자동 제동을 가능하게 합니다."
BMW 헤드업 디스플레이에는 어떤 설정 옵션이 있습니까?,"BMW 차량의 제조일자에 따라 BMW iDrive 조작 시스템에서 BMW 헤드업 디스플레이(HUD)에 대해 다음 설정을 수행할 수 있습니다. BMW 헤드업 디스플레이 켜기/끄기, 디스플레이의 밝기, 디스플레이의 회전, 디스플레이의 높이, 디스플레이의 이미지 높이. 이밖에 BMW 헤드업 디스플레이에 표시되는 정보를 선택할 수 있습니다. BMW 서비스 센터는 기하학적 표현을 추가로 변경할 수 있습니다."
